,name,age,city,country,gender,join_date,total tweets,followers,following,respectability,verified,tweet,likes,retweets,word count,is quote,hashtags,hashtag count,trending,date,tweet id
0,TrustinHerbert,,Fair Oaks,United States,,2020-08-27,15921,1935,2357,1.2180878552971577,False,Ragetweet... as opposed to retweet https://t.co/kcguz3xHZz,0,0,6,True,,0,"['Friday the 13th', 'Lori Harvey', 'Brandon Staley', 'All-Pro', 'Cutch', '#fridaymorning', 'Mike Williams', 'Founders Day', 'Trump Organization', '#FursuitFriday', 'Pirates', '#FridayFeeling', 'Dallas Zoo', 'Damson', '#FlashbackFriday', 'Martin Luther King Jr. Day', 'Dead End', '#MLKDay', 'Good Friday', 'Elvira', 'Yellen', 'Andrew Thomas', 'MICHAEL REEVES', 'Minneapolis Miracle', 'Matt Milano', 'Paul Ryan', 'Robbie Knievel', 'Happy Friyay', 'M&Ms', 'Twix', 'ON SALE NOW', 'Viernes 13', 'Dexter Lawrence', 'Marcus Jones', 'Sauce Gardner', 'Money Trees', 'Alpha Male', 'Kyle Korver', 'Bradberry', 'Redz', 'Robbie Bachman', 'Enes', 'Michael B Jordan', 'Guam', 'Hufanga', 'Jazz Fest', 'Sing About Me', 'Reddick', 'Dr. King', 'Keith Davis Jr.']",2023-01-13,1613957669181886464
1,thechub_b_w,,Houston,United States,,2021-02-11,113000,1632,1877,1.1501225490196079,False,I‚Äôm her twin https://t.co/Iqcr3HuLnP https://t.co/XyS05MoV8W,0,0,5,True,,0,"['GAME DAY', '#GoSpursGo', 'Lisa Marie', 'Elvis', 'Friday the 13th', 'Lori Harvey', 'Cutch', '#fridaymorning', 'Founders Day', 'Pirates', '#FridayFeeling', 'Trump Organization', 'Damson', '#FursuitFriday', '#FlashbackFriday', 'Good Friday', 'Martin Luther King Jr. Day', 'Dead End', 'Happy Friyay', 'Paul Ryan', 'MICHAEL REEVES', 'Minneapolis Miracle', 'Keith Davis Jr.', 'Guam', 'Redz', 'Kyle Korver', 'Viernes 13', 'M&Ms', 'Michael B Jordan', 'Enes', 'ON SALE NOW', 'Alpha Male', 'Money Trees', 'Twix', 'MEET DAY', 'Larry Fink', 'The Embrace', 'jongin', 'PNC Park', 'Happy Friday Everyone', 'Finally Friday', 'Daily Quordle 354', 'Dashy', 'Franklin Saint', 'Another Friday', 'Reynolds', 'Nutting', 'Dr. King', 'Burgh', 'Keenan Anderson']",2023-01-13,1613957666946322432
2,peacelovediam,,Roswell,United States,,2011-06-29,22016,929,665,0.7158234660925726,False,Some of y‚Äôall really do hate reciprocity. &amp; it shows.,0,0,10,False,,0,"['Friday the 13th', 'Lori Harvey', 'Brandon Staley', 'All-Pro', 'Cutch', '#fridaymorning', 'Mike Williams', 'Founders Day', 'Trump Organization', '#FursuitFriday', 'Pirates', '#FridayFeeling', 'Dallas Zoo', 'Damson', '#FlashbackFriday', 'Martin Luther King Jr. Day', 'Dead End', '#MLKDay', 'Good Friday', 'Elvira', 'Yellen', 'Andrew Thomas', 'MICHAEL REEVES', 'Minneapolis Miracle', 'Matt Milano', 'Paul Ryan', 'Robbie Knievel', 'Happy Friyay', 'M&Ms', 'Twix', 'ON SALE NOW', 'Viernes 13', 'Dexter Lawrence', 'Marcus Jones', 'Sauce Gardner', 'Money Trees', 'Alpha Male', 'Kyle Korver', 'Bradberry', 'Redz', 'Robbie Bachman', 'Enes', 'Michael B Jordan', 'Guam', 'Hufanga', 'Jazz Fest', 'Sing About Me', 'Reddick', 'Dr. King', 'Keith Davis Jr.']",2023-01-13,1613957666132328455
3,tmj_MD_pharm,,Oakland,United States,,2010-02-11,144,260,241,0.926923076923077,False,"Interested in a job in Oakland, MD? This could be a great fit. Click the link in our bio to apply: Pharmacy Technician at CVS Health #CVSPharmTech #PharmTech",0,0,28,False,"['CVSPharmTech', 'PharmTech']",2,"['Friday the 13th', 'Lori Harvey', 'Brandon Staley', 'All-Pro', 'Cutch', '#fridaymorning', 'Mike Williams', 'Founders Day', 'Trump Organization', '#FursuitFriday', 'Pirates', '#FridayFeeling', 'Dallas Zoo', 'Damson', '#FlashbackFriday', 'Martin Luther King Jr. Day', 'Dead End', '#MLKDay', 'Good Friday', 'Elvira', 'Yellen', 'Andrew Thomas', 'MICHAEL REEVES', 'Minneapolis Miracle', 'Matt Milano', 'Paul Ryan', 'Robbie Knievel', 'Happy Friyay', 'M&Ms', 'Twix', 'ON SALE NOW', 'Viernes 13', 'Dexter Lawrence', 'Marcus Jones', 'Sauce Gardner', 'Money Trees', 'Alpha Male', 'Kyle Korver', 'Bradberry', 'Redz', 'Robbie Bachman', 'Enes', 'Michael B Jordan', 'Guam', 'Hufanga', 'Jazz Fest', 'Sing About Me', 'Reddick', 'Dr. King', 'Keith Davis Jr.']",2023-01-13,1613957664375177216
4,_mariacollins,,Lake Forest,United States,,2021-05-24,887,457,94,0.20568927789934355,False,2023 surround yourself with good human beings,0,0,7,False,,0,"['Friday the 13th', 'Lori Harvey', 'Brandon Staley', 'All-Pro', 'Cutch', '#fridaymorning', 'Mike Williams', 'Founders Day', 'Trump Organization', '#FursuitFriday', 'Pirates', '#FridayFeeling', 'Dallas Zoo', 'Damson', '#FlashbackFriday', 'Martin Luther King Jr. Day', 'Dead End', '#MLKDay', 'Good Friday', 'Elvira', 'Yellen', 'Andrew Thomas', 'MICHAEL REEVES', 'Minneapolis Miracle', 'Matt Milano', 'Paul Ryan', 'Robbie Knievel', 'Happy Friyay', 'M&Ms', 'Twix', 'ON SALE NOW', 'Viernes 13', 'Dexter Lawrence', 'Marcus Jones', 'Sauce Gardner', 'Money Trees', 'Alpha Male', 'Kyle Korver', 'Bradberry', 'Redz', 'Robbie Bachman', 'Enes', 'Michael B Jordan', 'Guam', 'Hufanga', 'Jazz Fest', 'Sing About Me', 'Reddick', 'Dr. King', 'Keith Davis Jr.']",2023-01-13,1613957663867678726
5,SHS_BasketbaII,,Indiana,United States,,2014-03-18,1098,599,77,0.1285475792988314,False,Home game tonight vs Seeger. Youth league introductions before tip off. #family‚ù§Ô∏èüèÄ https://t.co/IQqvND2TvR,0,0,13,False,['family'],1,"['Friday the 13th', 'Lori Harvey', 'Brandon Staley', 'All-Pro', 'Cutch', '#fridaymorning', 'Mike Williams', 'Founders Day', 'Trump Organization', '#FursuitFriday', 'Pirates', '#FridayFeeling', 'Dallas Zoo', 'Damson', '#FlashbackFriday', 'Martin Luther King Jr. Day', 'Dead End', '#MLKDay', 'Good Friday', 'Elvira', 'Yellen', 'Andrew Thomas', 'MICHAEL REEVES', 'Minneapolis Miracle', 'Matt Milano', 'Paul Ryan', 'Robbie Knievel', 'Happy Friyay', 'M&Ms', 'Twix', 'ON SALE NOW', 'Viernes 13', 'Dexter Lawrence', 'Marcus Jones', 'Sauce Gardner', 'Money Trees', 'Alpha Male', 'Kyle Korver', 'Bradberry', 'Redz', 'Robbie Bachman', 'Enes', 'Michael B Jordan', 'Guam', 'Hufanga', 'Jazz Fest', 'Sing About Me', 'Reddick', 'Dr. King', 'Keith Davis Jr.']",2023-01-13,1613957660503588866
6,ARMY19562,,Dallas,United States,,2022-08-22,21876,2064,5001,2.42296511627907,False,"YELLEN SAYS US TO TAKE 
EXTRAORDINARY STEPS TO AVERT  A DEFAULT.
#BLOOMBERG",0,0,12,False,['BLOOMBERG'],1,"['Friday the 13th', 'Lori Harvey', 'Brandon Staley', 'All-Pro', 'Cutch', '#fridaymorning', 'Mike Williams', 'Founders Day', 'Trump Organization', '#FursuitFriday', 'Pirates', '#FridayFeeling', 'Dallas Zoo', 'Damson', '#FlashbackFriday', 'Martin Luther King Jr. Day', 'Dead End', '#MLKDay', 'Good Friday', 'Elvira', 'Yellen', 'Andrew Thomas', 'MICHAEL REEVES', 'Minneapolis Miracle', 'Matt Milano', 'Paul Ryan', 'Robbie Knievel', 'Happy Friyay', 'M&Ms', 'Twix', 'ON SALE NOW', 'Viernes 13', 'Dexter Lawrence', 'Marcus Jones', 'Sauce Gardner', 'Money Trees', 'Alpha Male', 'Kyle Korver', 'Bradberry', 'Redz', 'Robbie Bachman', 'Enes', 'Michael B Jordan', 'Guam', 'Hufanga', 'Jazz Fest', 'Sing About Me', 'Reddick', 'Dr. King', 'Keith Davis Jr.']",2023-01-13,1613957659304071168
7,MoondogGrowlers,,Dunwoody,United States,,2012-01-10,5784,897,299,0.3333333333333333,False,Just posted a photo @ Moondog Growlers https://t.co/4zH2y7p8YH,0,0,8,False,,0,"['Friday the 13th', 'Lori Harvey', 'Brandon Staley', 'All-Pro', 'Cutch', '#fridaymorning', 'Mike Williams', 'Founders Day', 'Trump Organization', '#FursuitFriday', 'Pirates', '#FridayFeeling', 'Dallas Zoo', 'Damson', '#FlashbackFriday', 'Martin Luther King Jr. Day', 'Dead End', '#MLKDay', 'Good Friday', 'Elvira', 'Yellen', 'Andrew Thomas', 'MICHAEL REEVES', 'Minneapolis Miracle', 'Matt Milano', 'Paul Ryan', 'Robbie Knievel', 'Happy Friyay', 'M&Ms', 'Twix', 'ON SALE NOW', 'Viernes 13', 'Dexter Lawrence', 'Marcus Jones', 'Sauce Gardner', 'Money Trees', 'Alpha Male', 'Kyle Korver', 'Bradberry', 'Redz', 'Robbie Bachman', 'Enes', 'Michael B Jordan', 'Guam', 'Hufanga', 'Jazz Fest', 'Sing About Me', 'Reddick', 'Dr. King', 'Keith Davis Jr.']",2023-01-13,1613957657349718016
8,erikarenee21,,San Antonio,United States,,2019-12-02,238,200,634,3.17,False,Much√≠simas gracias üôèüèº a @sologruperas por publicar √©ste lindo video sobre mi nuevo sencillo ‚ÄúAc√©rcate‚Äù (feat. Aliz√© Ni√±o) By Erika Ren√©e ü´∂üèºüíï#sologruperas #erikaren√©e #ac√©rcate #nuevoestreno #musica #norte√±ojuvenil #norte√±olight https://t.co/net2PIhcsY,0,0,29,False,"['sologruperas', 'erikaren√©e', 'ac√©rcate', 'nuevoestreno', 'musica', 'norte√±ojuvenil', 'norte√±olight']",7,"['GAME DAY', '#GoSpursGo', 'Trumps', '#OpenDnD', '#PorVida', 'WotC', 'Friday the 13th', 'Lori Harvey', 'Brandon Staley', 'All-Pro', 'Cutch', '#fridaymorning', 'Founders Day', 'Trump Organization', '#FursuitFriday', 'Pirates', 'Mike Williams', 'Dallas Zoo', 'Damson', 'Martin Luther King Jr. Day', 'Dead End', 'Good Friday', 'Andrew Thomas', 'Minneapolis Miracle', 'Elvira', 'MICHAEL REEVES', 'Paul Ryan', 'Matt Milano', 'Happy Friyay', 'M&Ms', 'Robbie Knievel', 'ON SALE NOW', 'Yellen', 'Twix', 'Viernes 13', 'Dexter Lawrence', 'Alpha Male', 'Marcus Jones', 'Money Trees', 'Kyle Korver', 'Sauce Gardner', 'Redz', 'Michael B Jordan', 'Guam', 'Robbie Bachman', 'Enes', 'Keith Davis Jr.', 'MEET DAY', 'Dr. King', 'Jazz Fest']",2023-01-13,1613957657320394753
9,KatrinaMarie_3,,Buffalo,United States,,2022-07-28,561,21,23,1.0952380952380953,False,"I can love me better! ‚úåüèª
I do not own copyrights to the song/music. 
#Flowers #Music #MileyCyrus  #ICanLoveMeBetter 
@KatrinaMarie_3 https://t.co/Y8VxeOtF4c",0,0,20,False,"['Flowers', 'Music', 'MileyCyrus', 'ICanLoveMeBetter']",4,"['Friday the 13th', 'Lori Harvey', 'Brandon Staley', 'All-Pro', 'Cutch', '#fridaymorning', 'Mike Williams', 'Founders Day', 'Trump Organization', '#FursuitFriday', 'Pirates', '#FridayFeeling', 'Dallas Zoo', 'Damson', '#FlashbackFriday', 'Martin Luther King Jr. Day', 'Dead End', '#MLKDay', 'Good Friday', 'Elvira', 'Yellen', 'Andrew Thomas', 'MICHAEL REEVES', 'Minneapolis Miracle', 'Matt Milano', 'Paul Ryan', 'Robbie Knievel', 'Happy Friyay', 'M&Ms', 'Twix', 'ON SALE NOW', 'Viernes 13', 'Dexter Lawrence', 'Marcus Jones', 'Sauce Gardner', 'Money Trees', 'Alpha Male', 'Kyle Korver', 'Bradberry', 'Redz', 'Robbie Bachman', 'Enes', 'Michael B Jordan', 'Guam', 'Hufanga', 'Jazz Fest', 'Sing About Me', 'Reddick', 'Dr. King', 'Keith Davis Jr.']",2023-01-13,1613957656481497089
10,MurrayYaganiski,,Mossbank,Canada,,2012-11-07,18862,940,1272,1.353191489361702,False,"Happy birthday Connor!
#LetsGoOilers https://t.co/RTJKqyXj51",0,0,4,False,['LetsGoOilers'],1,"['Friday the 13th', 'Lisa Marie Presley', '#NHLAllStarVote', 'Biden', 'Subban', '#fridaymorning', '#flames1stgoal', '#VibeFtJimin', '#FULCHE', 'OHIP', 'Lori Harvey', 'Jeff Beck', 'Garland', 'Davos', 'Willian', 'Velma', 'Joao Felix', 'Therrien', 'Weber', 'Priscilla', 'Sergachev', 'jake evans', 'Luka', 'Fulham', 'Robbie Bachman', 'M&Ms', 'William Nylander', 'WARRIOR NUN NEW HOME', 'Taeyang', 'Chalobah', 'Koulibaly', 'GAME DAY', 'Benjamin Mendy', 'Star Blanket Cree Nation', 'Vendredi 13', 'Carey', 'Passion of the Christ 2', 'McMann', 'Cole Caufield', 'Doug Ford', 'Break Point', 'WotC', 'Tesla', 'Paul Ryan', ""Saint-Roch-de-l'Achigan"", 'Markov', 'Leafs', 'Morty', 'The Littlest Hobo', 'Japan']",2023-01-13,1613957714174005249
11,cupe_3906,,Hamilton,Canada,,2010-03-30,13035,3250,1020,0.31384615384615383,False,"I mean, sure, you could *pay* $300 to ‚Äúnetwork with colleagues,‚Äù or you could come to the GMM on Wednesday for some scheming and join us at the Snooty after for a hang! It‚Äôs where all your coolest colleagues will be anyway üò§ https://t.co/8doI4JSI6L",0,0,44,True,,0,"['Friday the 13th', 'Lisa Marie Presley', '#NHLAllStarVote', 'Biden', 'Subban', '#fridaymorning', '#flames1stgoal', '#VibeFtJimin', '#FULCHE', 'OHIP', 'Lori Harvey', 'Jeff Beck', 'Garland', 'Davos', 'Willian', 'Velma', 'Joao Felix', 'Therrien', 'Weber', 'Priscilla', 'Sergachev', 'jake evans', 'Luka', 'Fulham', 'Robbie Bachman', 'M&Ms', 'William Nylander', 'WARRIOR NUN NEW HOME', 'Taeyang', 'Chalobah', 'Koulibaly', 'GAME DAY', 'Benjamin Mendy', 'Star Blanket Cree Nation', 'Vendredi 13', 'Carey', 'Passion of the Christ 2', 'McMann', 'Cole Caufield', 'Doug Ford', 'Break Point', 'WotC', 'Tesla', 'Paul Ryan', ""Saint-Roch-de-l'Achigan"", 'Markov', 'Leafs', 'Morty', 'The Littlest Hobo', 'Japan']",2023-01-13,1613957700454326273
12,johangreg,,Calgary,Canada,,2008-09-13,968031,4145,1900,0.4583835946924005,False,Government announces appointments to the Bank of Canada‚Äôs Board of Directors #cdnpoli https://t.co/iH5kO0zZ9K,0,0,13,False,['cdnpoli'],1,"['Friday the 13th', 'Lisa Marie Presley', '#NHLAllStarVote', 'Biden', 'Staley', 'Subban', '#fridaymorning', '#flames1stgoal', '#FULCHE', '#VibeFtJimin', 'OHIP', 'Garland', 'Lori Harvey', 'Jeff Beck', 'Davos', 'Velma', 'Weber', 'Therrien', 'Sergachev', 'M&Ms', 'Robbie Bachman', 'Priscilla', 'WARRIOR NUN NEW HOME', 'William Nylander', 'Luka', 'Bachman-Turner Overdrive', 'Fulham', 'Chalobah', 'Koulibaly', 'Dead End', 'GAME DAY', 'Vendredi 13', 'Star Blanket Cree Nation', 'Passion of the Christ 2', 'Doug Ford', 'Carey', 'WotC', 'McMann', 'Exxon', 'Cole Caufield', 'Felix', 'Willian', ""Saint-Roch-de-l'Achigan"", 'Paul Ryan', 'Leafs', 'Morty', 'Askarov', 'Markov', 'Japan', 'The Littlest Hobo']",2023-01-13,1613957688089796608
13,sarper_pamuk,,Toronto,Canada,,2022-02-20,14165,2868,939,0.3274058577405858,False,Soyunma odasƒ±na gidi≈ü t√ºyler √ºrpertici.,0,0,5,False,,0,"['gracie', 'Friday the 13th', 'Lisa Marie Presley', '#NHLAllStarVote', 'Biden', 'Subban', '#fridaymorning', '#flames1stgoal', '#VibeFtJimin', '#FULCHE', 'Jeff Beck', 'OHIP', 'Lori Harvey', 'Garland', 'Davos', 'Willian', 'Joao Felix', 'Velma', 'Weber', 'Therrien', 'Priscilla', 'Sergachev', 'jake evans', 'Luka', 'Fulham', 'Robbie Bachman', 'William Nylander', 'M&Ms', 'WARRIOR NUN NEW HOME', 'Taeyang', 'Chalobah', 'Koulibaly', 'Benjamin Mendy', 'Star Blanket Cree Nation', 'Vendredi 13', 'GAME DAY', 'Carey', 'Passion of the Christ 2', 'McMann', 'Cole Caufield', 'Doug Ford', 'Break Point', 'WotC', 'Tesla', 'Paul Ryan', ""Saint-Roch-de-l'Achigan"", 'Markov', 'South Dakota', 'Leafs', 'Morty']",2023-01-13,1613957609761165312
14,s_chtnf,,Montr√©al,Canada,,2022-04-27,150,252,512,2.0317460317460316,False,"Finalement, ne pas avoir le moral peut avoir des points positifs. On peut perdre plus de 3 kg en deux jours. ü§®",0,0,22,False,,0,"['Friday the 13th', 'Lisa Marie Presley', '#NHLAllStarVote', 'Biden', 'Subban', '#fridaymorning', '#flames1stgoal', '#VibeFtJimin', '#FULCHE', 'OHIP', 'Lori Harvey', 'Jeff Beck', 'Garland', 'Davos', 'Willian', 'Velma', 'Joao Felix', 'Therrien', 'Weber', 'Priscilla', 'Sergachev', 'jake evans', 'Luka', 'Fulham', 'Robbie Bachman', 'M&Ms', 'William Nylander', 'WARRIOR NUN NEW HOME', 'Taeyang', 'Chalobah', 'Koulibaly', 'GAME DAY', 'Benjamin Mendy', 'Star Blanket Cree Nation', 'Vendredi 13', 'Carey', 'Passion of the Christ 2', 'McMann', 'Cole Caufield', 'Doug Ford', 'Break Point', 'WotC', 'Tesla', 'Paul Ryan', ""Saint-Roch-de-l'Achigan"", 'Markov', 'Leafs', 'Morty', 'The Littlest Hobo', 'Japan']",2023-01-13,1613957590257668096
15,KanahusFreedom,,Vancouver,Canada,,2015-07-20,10801,30091,417,0.013857964175334818,False,Trip to #Vancouver https://t.co/gReRIPTucd,1,1,4,False,['Vancouver'],1,"['Friday the 13th', 'Lisa Marie Presley', '#NHLAllStarVote', 'Biden', 'Subban', '#fridaymorning', '#flames1stgoal', '#FULCHE', '#VibeFtJimin', 'Lori Harvey', 'OHIP', 'Jeff Beck', 'Garland', 'Davos', 'Velma', 'Joao Felix', 'Weber', 'Therrien', 'Priscilla', 'Brandon Staley', 'Sergachev', 'jake evans', 'Robbie Bachman', 'M&Ms', 'William Nylander', 'WARRIOR NUN NEW HOME', 'Luka', 'Fulham', 'Bachman-Turner Overdrive', 'Chalobah', 'Koulibaly', 'Dead End', 'Star Blanket Cree Nation', 'Vendredi 13', 'GAME DAY', 'Passion of the Christ 2', 'Carey', 'McMann', 'Doug Ford', 'Cole Caufield', 'WotC', 'Willian', 'Paul Ryan', ""Saint-Roch-de-l'Achigan"", 'Tesla', 'Leafs', 'Morty', 'The Littlest Hobo', 'Markov', 'Askarov']",2023-01-13,1613957587917213696
16,Afrodesiak,,Toronto,Canada,,2020-06-29,5059,138,152,1.1014492753623188,False,My blood is boiling right now. #FireStaley #FireLombardi #GoChargers,0,0,9,False,"['FireStaley', 'FireLombardi', 'GoChargers']",3,"['gracie', 'Friday the 13th', 'Lisa Marie Presley', '#NHLAllStarVote', 'Biden', 'Subban', '#fridaymorning', '#flames1stgoal', '#VibeFtJimin', '#FULCHE', 'Jeff Beck', 'OHIP', 'Lori Harvey', 'Garland', 'Davos', 'Willian', 'Joao Felix', 'Velma', 'Weber', 'Therrien', 'Priscilla', 'Sergachev', 'jake evans', 'Luka', 'Fulham', 'Robbie Bachman', 'William Nylander', 'M&Ms', 'WARRIOR NUN NEW HOME', 'Taeyang', 'Chalobah', 'Koulibaly', 'Benjamin Mendy', 'Star Blanket Cree Nation', 'Vendredi 13', 'GAME DAY', 'Carey', 'Passion of the Christ 2', 'McMann', 'Cole Caufield', 'Doug Ford', 'Break Point', 'WotC', 'Tesla', 'Paul Ryan', ""Saint-Roch-de-l'Achigan"", 'Markov', 'South Dakota', 'Leafs', 'Morty']",2023-01-13,1613957545747439616
17,jenhasgreathair,,Toronto,Canada,,2010-10-30,7828,2941,187,0.06358381502890173,False,Crouched in the fetal position working on my scratch-off tickets. #Fridays,0,0,11,False,['Fridays'],1,"['gracie', 'Friday the 13th', 'Lisa Marie Presley', '#NHLAllStarVote', 'Biden', 'Subban', '#fridaymorning', '#flames1stgoal', '#VibeFtJimin', '#FULCHE', 'Jeff Beck', 'OHIP', 'Lori Harvey', 'Garland', 'Davos', 'Willian', 'Joao Felix', 'Velma', 'Weber', 'Therrien', 'Priscilla', 'Sergachev', 'jake evans', 'Luka', 'Fulham', 'Robbie Bachman', 'William Nylander', 'M&Ms', 'WARRIOR NUN NEW HOME', 'Taeyang', 'Chalobah', 'Koulibaly', 'Benjamin Mendy', 'Star Blanket Cree Nation', 'Vendredi 13', 'GAME DAY', 'Carey', 'Passion of the Christ 2', 'McMann', 'Cole Caufield', 'Doug Ford', 'Break Point', 'WotC', 'Tesla', 'Paul Ryan', ""Saint-Roch-de-l'Achigan"", 'Markov', 'South Dakota', 'Leafs', 'Morty']",2023-01-13,1613957537899888643
18,ButchersofD,,Toronto,Canada,,2014-03-30,305,104,84,0.8076923076923077,False,Just posted a photo @ Riverside Neighbourhood https://t.co/34gHBUDuDD,0,0,8,False,,0,"['gracie', 'Friday the 13th', 'Lisa Marie Presley', '#NHLAllStarVote', 'Biden', 'Subban', '#fridaymorning', '#flames1stgoal', '#VibeFtJimin', '#FULCHE', 'Jeff Beck', 'OHIP', 'Lori Harvey', 'Garland', 'Davos', 'Willian', 'Joao Felix', 'Velma', 'Weber', 'Therrien', 'Priscilla', 'Sergachev', 'jake evans', 'Luka', 'Fulham', 'Robbie Bachman', 'William Nylander', 'M&Ms', 'WARRIOR NUN NEW HOME', 'Taeyang', 'Chalobah', 'Koulibaly', 'Benjamin Mendy', 'Star Blanket Cree Nation', 'Vendredi 13', 'GAME DAY', 'Carey', 'Passion of the Christ 2', 'McMann', 'Cole Caufield', 'Doug Ford', 'Break Point', 'WotC', 'Tesla', 'Paul Ryan', ""Saint-Roch-de-l'Achigan"", 'Markov', 'South Dakota', 'Leafs', 'Morty']",2023-01-13,1613957510775582720
19,thaihouse,,North Vancouver,Canada,,2009-03-17,13702,4231,4081,0.9645473883242732,False,"Just posted a photo @ North Vancouver, British Columbia https://t.co/1xbzXbWjOM",0,0,10,False,,0,"['Friday the 13th', 'Lisa Marie Presley', '#NHLAllStarVote', 'Biden', 'Subban', '#fridaymorning', '#flames1stgoal', '#VibeFtJimin', '#FULCHE', 'OHIP', 'Lori Harvey', 'Jeff Beck', 'Garland', 'Davos', 'Willian', 'Velma', 'Joao Felix', 'Therrien', 'Weber', 'Priscilla', 'Sergachev', 'jake evans', 'Luka', 'Fulham', 'Robbie Bachman', 'M&Ms', 'William Nylander', 'WARRIOR NUN NEW HOME', 'Taeyang', 'Chalobah', 'Koulibaly', 'GAME DAY', 'Benjamin Mendy', 'Star Blanket Cree Nation', 'Vendredi 13', 'Carey', 'Passion of the Christ 2', 'McMann', 'Cole Caufield', 'Doug Ford', 'Break Point', 'WotC', 'Tesla', 'Paul Ryan', ""Saint-Roch-de-l'Achigan"", 'Markov', 'Leafs', 'Morty', 'The Littlest Hobo', 'Japan']",2023-01-13,1613957481880748032
20,SamE2X05,,London,United Kingdom,,2021-12-02,240,34,136,4.0,False,Happy with the latest signings üëç Christ signing announcement has topped off a good day in the capital #wafc,0,0,19,False,['wafc'],1,"['#PakvsNZ', 'mRNA', 'Manchester Derby', '#ToriesOut190', 'Taeyang', 'Velma', 'Soledar', 'Donny', 'Jennie', 'Friday the 13th', '#OrangeMonday', '#TippingPoint', 'Mendy', 'Dartmoor', 'Bacon', 'Joanna', 'Beth', 'Lori Harvey', 'Walsall', 'Dead End', 'Year 2', 'James Vowles', 'Leandro Trossard', 'Ambleside', 'Meydan', 'Grenfell', 'Dortmund', 'Kulusevski', 'Damson', 'NOT GUILTY', 'Dr Malhotra', 'Freeports', 'Statins', 'Flower of Scotland', 'Swede', 'Forest School', 'Aseem', 'Khan', 'WotC', 'Reception', 'Femi', 'RNLI', 'Uxbridge', 'Turnip', 'ULEZ', 'Nursery', 'Inverness', 'Stones', 'Renee']",2023-01-13,1613957755764674560
21,Ishtiaqhussainn,,London Bridge Staircase,United Kingdom,,2020-03-30,4484,181,350,1.9337016574585635,False,Lovely üòç https://t.co/aogFU8Ewqg,0,0,3,False,,0,"['Donny', 'Jennie', 'Friday the 13th', '#TippingPoint', '#OrangeMonday', 'Mendy', 'Dartmoor', '#FridayFeeling', 'Toney', 'Bacon', 'Joanna', 'Beth', '#BVFootball', 'Walsall', 'Lori Harvey', '#M3GAN', 'Dead End', 'Year 2', 'James Vowles', 'Meydan', 'Leandro Trossard', 'Ambleside', 'Grenfell', 'Dortmund', 'Damson', 'Kulusevski', 'NOT GUILTY', 'Dr Malhotra', 'Statins', 'Flower of Scotland', 'Freeports', 'Forest School', 'Aseem', 'WotC', 'Khan', 'Swede', 'Manchester Derby', 'Renee', 'RNLI', 'Reception', 'Uxbridge', 'Nursery', 'Femi', 'Turnip', 'Inverness', 'ULEZ', 'Stones', 'Taeyang', 'M&Ms', 'Sam Smith']",2023-01-13,1613957742196129792
22,PennyLnWombles,,Sefton Park,United Kingdom,,2022-06-22,1745,688,721,1.0479651162790697,False,"Kathy G has tidied up Livingston Drive both North and South today 

1 bag of litter 
1 awful camera phone to take the photo üòÇ

#pennylanewombles #KeepLiverpoolTidy #LitterHeroes #litterfree #binfluencer #recyling #pennylane #sustainability #nature #lovewhereyoulive https://t.co/cfYkDw7jOE",0,0,35,False,"['pennylanewombles', 'KeepLiverpoolTidy', 'LitterHeroes', 'litterfree', 'binfluencer', 'recyling', 'pennylane', 'sustainability', 'nature', 'lovewhereyoulive']",10,"['Donny', 'Jennie', 'Friday the 13th', '#TippingPoint', '#OrangeMonday', 'Mendy', 'Dartmoor', '#FridayFeeling', 'Toney', 'Bacon', 'Joanna', 'Beth', '#BVFootball', 'Walsall', 'Lori Harvey', '#M3GAN', 'Dead End', 'Year 2', 'James Vowles', 'Meydan', 'Leandro Trossard', 'Ambleside', 'Grenfell', 'Dortmund', 'Damson', 'Kulusevski', 'NOT GUILTY', 'Dr Malhotra', 'Statins', 'Flower of Scotland', 'Freeports', 'Forest School', 'Aseem', 'WotC', 'Khan', 'Swede', 'Manchester Derby', 'Renee', 'RNLI', 'Reception', 'Uxbridge', 'Nursery', 'Femi', 'Turnip', 'Inverness', 'ULEZ', 'Stones', 'Taeyang', 'M&Ms', 'Sam Smith']",2023-01-13,1613957740270952448
23,sixsixwolf,,Salford,United Kingdom,,2018-12-16,1547,852,1496,1.755868544600939,False,Anyone else‚Äôs group chat stay quiet before the @OfficialFPL deadline passes just to say ‚Äòdon‚Äôt forget your DT lads‚Äô at 18:31 or that just my mates shit banter?,0,0,28,False,,0,"['Donny', 'Jennie', 'Friday the 13th', '#TippingPoint', '#OrangeMonday', 'Mendy', 'Dartmoor', '#FridayFeeling', 'Toney', 'Bacon', 'Joanna', 'Beth', '#BVFootball', 'Walsall', 'Lori Harvey', '#M3GAN', 'Dead End', 'Year 2', 'James Vowles', 'Meydan', 'Leandro Trossard', 'Ambleside', 'Grenfell', 'Dortmund', 'Damson', 'Kulusevski', 'NOT GUILTY', 'Dr Malhotra', 'Statins', 'Flower of Scotland', 'Freeports', 'Forest School', 'Aseem', 'WotC', 'Khan', 'Swede', 'Manchester Derby', 'Renee', 'RNLI', 'Reception', 'Uxbridge', 'Nursery', 'Femi', 'Turnip', 'Inverness', 'ULEZ', 'Stones', 'Taeyang', 'M&Ms', 'Sam Smith']",2023-01-13,1613957722990313483
24,Hooper1Ma,,Hastings,United Kingdom,,2011-05-27,1816,307,1001,3.260586319218241,False,I saw today a Major Vidler mentioned with regard to that area in the Flood Mitigation Strategy for Eastbourne and Wealden. @MediaStellaria have recorded some really interesting audio with people using Shinewater Lakes and surrounding area. Thks for the other info. https://t.co/qI1MAjhsM2,0,0,42,True,,0,"['Donny', 'Jennie', 'Friday the 13th', '#TippingPoint', '#OrangeMonday', 'Mendy', 'Dartmoor', '#FridayFeeling', 'Toney', 'Bacon', 'Joanna', 'Beth', '#BVFootball', 'Walsall', 'Lori Harvey', '#M3GAN', 'Dead End', 'Year 2', 'James Vowles', 'Meydan', 'Leandro Trossard', 'Ambleside', 'Grenfell', 'Dortmund', 'Damson', 'Kulusevski', 'NOT GUILTY', 'Dr Malhotra', 'Statins', 'Flower of Scotland', 'Freeports', 'Forest School', 'Aseem', 'WotC', 'Khan', 'Swede', 'Manchester Derby', 'Renee', 'RNLI', 'Reception', 'Uxbridge', 'Nursery', 'Femi', 'Turnip', 'Inverness', 'ULEZ', 'Stones', 'Taeyang', 'M&Ms', 'Sam Smith']",2023-01-13,1613957714077679616
25,SmartSacks,,Brampton,United Kingdom,,2012-01-09,29876,4160,3698,0.8889423076923076,False,Just the funniest...i really hope this makes you laugh out loud.. I did!! https://t.co/lJi2oq9zGC,0,0,14,False,,0,"['Donny', 'Jennie', 'Friday the 13th', '#TippingPoint', '#OrangeMonday', 'Mendy', 'Dartmoor', '#FridayFeeling', 'Toney', 'Bacon', 'Joanna', 'Beth', '#BVFootball', 'Walsall', 'Lori Harvey', '#M3GAN', 'Dead End', 'Year 2', 'James Vowles', 'Meydan', 'Leandro Trossard', 'Ambleside', 'Grenfell', 'Dortmund', 'Damson', 'Kulusevski', 'NOT GUILTY', 'Dr Malhotra', 'Statins', 'Flower of Scotland', 'Freeports', 'Forest School', 'Aseem', 'WotC', 'Khan', 'Swede', 'Manchester Derby', 'Renee', 'RNLI', 'Reception', 'Uxbridge', 'Nursery', 'Femi', 'Turnip', 'Inverness', 'ULEZ', 'Stones', 'Taeyang', 'M&Ms', 'Sam Smith']",2023-01-13,1613957709115854849
26,MusicNewsWeb,,Tottenham,United Kingdom,,2009-03-31,137812,64597,46495,0.7197702679691007,False,https://t.co/cGbkkwoEyS Taylor swift notches up fifth week at Number 1 on UK Albums Chart with 'Midnights' - #TaylorSwift @taylorswift13 https://t.co/NdlKPmTYU2 https://t.co/C3V2d5m2fg,0,0,21,False,['TaylorSwift'],1,"['Donny', 'Jennie', 'Friday the 13th', '#TippingPoint', '#OrangeMonday', 'Mendy', 'Dartmoor', '#FridayFeeling', 'Toney', 'Bacon', 'Joanna', 'Beth', '#BVFootball', 'Walsall', 'Lori Harvey', '#M3GAN', 'Dead End', 'Year 2', 'James Vowles', 'Meydan', 'Leandro Trossard', 'Ambleside', 'Grenfell', 'Dortmund', 'Damson', 'Kulusevski', 'NOT GUILTY', 'Dr Malhotra', 'Statins', 'Flower of Scotland', 'Freeports', 'Forest School', 'Aseem', 'WotC', 'Khan', 'Swede', 'Manchester Derby', 'Renee', 'RNLI', 'Reception', 'Uxbridge', 'Nursery', 'Femi', 'Turnip', 'Inverness', 'ULEZ', 'Stones', 'Taeyang', 'M&Ms', 'Sam Smith']",2023-01-13,1613957706326626304
27,DaveWiles15,,Banbury,United Kingdom,,2014-06-12,5293,231,416,1.800865800865801,False,"Finally some good news, Thanks to an Anonymous Benefactor I have managed to purchase another capture card, so guess who's back tonight.",0,0,22,False,,0,"['Donny', 'Jennie', 'Friday the 13th', '#TippingPoint', '#OrangeMonday', 'Mendy', 'Dartmoor', '#FridayFeeling', 'Toney', 'Bacon', 'Joanna', 'Beth', '#BVFootball', 'Walsall', 'Lori Harvey', '#M3GAN', 'Dead End', 'Year 2', 'James Vowles', 'Meydan', 'Leandro Trossard', 'Ambleside', 'Grenfell', 'Dortmund', 'Damson', 'Kulusevski', 'NOT GUILTY', 'Dr Malhotra', 'Statins', 'Flower of Scotland', 'Freeports', 'Forest School', 'Aseem', 'WotC', 'Khan', 'Swede', 'Manchester Derby', 'Renee', 'RNLI', 'Reception', 'Uxbridge', 'Nursery', 'Femi', 'Turnip', 'Inverness', 'ULEZ', 'Stones', 'Taeyang', 'M&Ms', 'Sam Smith']",2023-01-13,1613957705206763520
28,MusicNewsWeb,,Tottenham,United Kingdom,,2009-03-31,137812,64597,46495,0.7197702679691007,False,https://t.co/cGbkkwo6Jk Lewis Capaldi scores fourth Official Number 1 single with 'Pointless' - #lewiscapaldi @LewisCapaldi https://t.co/JqpeLe6Fpg https://t.co/iaI0mIjt3Y,0,0,16,False,['lewiscapaldi'],1,"['Donny', 'Jennie', 'Friday the 13th', '#TippingPoint', '#OrangeMonday', 'Mendy', 'Dartmoor', '#FridayFeeling', 'Toney', 'Bacon', 'Joanna', 'Beth', '#BVFootball', 'Walsall', 'Lori Harvey', '#M3GAN', 'Dead End', 'Year 2', 'James Vowles', 'Meydan', 'Leandro Trossard', 'Ambleside', 'Grenfell', 'Dortmund', 'Damson', 'Kulusevski', 'NOT GUILTY', 'Dr Malhotra', 'Statins', 'Flower of Scotland', 'Freeports', 'Forest School', 'Aseem', 'WotC', 'Khan', 'Swede', 'Manchester Derby', 'Renee', 'RNLI', 'Reception', 'Uxbridge', 'Nursery', 'Femi', 'Turnip', 'Inverness', 'ULEZ', 'Stones', 'Taeyang', 'M&Ms', 'Sam Smith']",2023-01-13,1613957693730848783
29,andyl223,,Chorley,United Kingdom,,2021-10-16,5,215,170,0.7906976744186046,False,"Twitter, please stop making yourself worse.",0,0,6,False,,0,"['Donny', 'Jennie', 'Friday the 13th', '#TippingPoint', '#OrangeMonday', 'Mendy', 'Dartmoor', '#FridayFeeling', 'Toney', 'Bacon', 'Joanna', 'Beth', '#BVFootball', 'Walsall', 'Lori Harvey', '#M3GAN', 'Dead End', 'Year 2', 'James Vowles', 'Meydan', 'Leandro Trossard', 'Ambleside', 'Grenfell', 'Dortmund', 'Damson', 'Kulusevski', 'NOT GUILTY', 'Dr Malhotra', 'Statins', 'Flower of Scotland', 'Freeports', 'Forest School', 'Aseem', 'WotC', 'Khan', 'Swede', 'Manchester Derby', 'Renee', 'RNLI', 'Reception', 'Uxbridge', 'Nursery', 'Femi', 'Turnip', 'Inverness', 'ULEZ', 'Stones', 'Taeyang', 'M&Ms', 'Sam Smith']",2023-01-13,1613957687024164864
30,Dawesfgmailcom6,,Ballarat,Australia,,2022-02-27,67807,48,410,8.541666666666666,False,I dont care either I'm that hurt I have to say end of world soon is true,0,0,17,False,,0,"['Nazis', 'Perrottet', 'Lisa Marie Presley', 'Pell', 'Friday the 13th', '#NSWpol', '#macvccm', 'Premier', 'Afghanistan', 'Holocaust', '#FULCHE', 'M&Ms', 'Catholic', 'Chan', 'Elvis', 'Opus', '#NaziDom', 'Priscilla', 'david elliott', 'Jeff Beck', 'Molly', 'Biden', 'Rashid', 'Mel Brooks', '#NSWvotes2023', 'Steve Price', 'Dan Andrews', 'young liberals', 'Anne Frank', 'Scorchers', 'Taeyang', 'Gladys', 'clubs nsw', 'matt kean', 'Taliban', 'At 21', 'Lindsay Fox', 'Mariners', 'Westbrook', 'bronwyn bishop', 'Exxon', 'Hogan', 'Velma', 'Cricket Australia', 'chris minns', 'Rina', 'Joao Felix', 'WARRIOR NUN NEW HOME', 'My 21st', 'ICAC']",2023-01-13,1613957472766820353
31,Ben_Ciurleo,,Melbourne,Australia,,2019-03-06,31,38,393,10.342105263157896,False,"Long snap to punt

R6 vs south eastern predators 

Punter @AstinHewett https://t.co/mIxaOyFQfe",1,0,11,False,,0,"['Lebron', 'Nazis', 'Perrottet', 'Lisa Marie Presley', 'Pell', 'Friday the 13th', '#NSWpol', '#macvccm', 'Premier', 'Afghanistan', 'Holocaust', '#FULCHE', 'M&Ms', 'Chan', 'Catholic', 'Elvis', 'Opus', '#NaziDom', 'Priscilla', 'David Elliott', 'Jeff Beck', 'Molly', 'Biden', 'Rashid', 'Mel Brooks', '#NSWvotes2023', 'Steve Price', 'Dan Andrews', 'young liberals', 'Anne Frank', 'Scorchers', 'Taeyang', 'Gladys', 'clubs nsw', 'matt kean', 'Taliban', 'At 21', 'jongin', 'Lindsay Fox', 'Mariners', 'Westbrook', 'bronwyn bishop', 'Exxon', 'Hogan', 'Velma', 'Cricket Australia', 'chris minns', 'Rina', 'Joao Felix', 'WARRIOR NUN NEW HOME']",2023-01-13,1613957431704551428
32,Dawesfgmailcom6,,Ballarat,Australia,,2022-02-27,67807,48,410,8.541666666666666,False,I think you been stealing my accounts is true,0,0,9,False,,0,"['Nazis', 'Perrottet', 'Lisa Marie Presley', 'Pell', 'Friday the 13th', '#NSWpol', '#macvccm', 'Premier', 'Afghanistan', 'Holocaust', '#FULCHE', 'M&Ms', 'Catholic', 'Chan', 'Elvis', 'Opus', '#NaziDom', 'Priscilla', 'david elliott', 'Jeff Beck', 'Molly', 'Biden', 'Rashid', 'Mel Brooks', '#NSWvotes2023', 'Steve Price', 'Dan Andrews', 'young liberals', 'Anne Frank', 'Scorchers', 'Taeyang', 'Gladys', 'clubs nsw', 'matt kean', 'Taliban', 'At 21', 'Lindsay Fox', 'Mariners', 'Westbrook', 'bronwyn bishop', 'Exxon', 'Hogan', 'Velma', 'Cricket Australia', 'chris minns', 'Rina', 'Joao Felix', 'WARRIOR NUN NEW HOME', 'My 21st', 'ICAC']",2023-01-13,1613956838546116608
33,nukajo97,,Perth (WA),Australia,,2018-12-21,4534,48,323,6.729166666666667,False,Hogwarts legacy and starfield coming out soon maybe life isn‚Äôt as bad as I thought,0,0,15,False,,0,"['Nazis', 'Perrottet', 'Lisa Marie Presley', 'Pell', 'Friday the 13th', '#NSWpol', '#macvccm', 'Premier', 'Afghanistan', 'Holocaust', '#FULCHE', 'M&Ms', 'Catholic', 'Chan', 'Elvis', 'Opus', '#NaziDom', 'Priscilla', 'david elliott', 'Jeff Beck', 'Molly', 'Biden', 'Rashid', 'Mel Brooks', '#NSWvotes2023', 'Steve Price', 'Dan Andrews', 'young liberals', 'Anne Frank', 'Scorchers', 'Taeyang', 'Gladys', 'clubs nsw', 'matt kean', 'Taliban', 'At 21', 'Lindsay Fox', 'Mariners', 'Westbrook', 'bronwyn bishop', 'Exxon', 'Hogan', 'Velma', 'Cricket Australia', 'chris minns', 'Rina', 'Joao Felix', 'WARRIOR NUN NEW HOME', 'My 21st', 'ICAC']",2023-01-13,1613956822905524226
34,FibroModem,,Melbourne,Australia,,2012-04-14,9267,1398,372,0.26609442060085836,False,Just posted a photo @ Simone's World https://t.co/Pp7ubtk9tz,0,0,8,False,,0,"['Lebron', 'Nazis', 'Perrottet', 'Lisa Marie Presley', 'Pell', 'Friday the 13th', '#NSWpol', '#macvccm', 'Premier', 'Afghanistan', 'Holocaust', '#FULCHE', 'M&Ms', 'Chan', 'Catholic', 'Elvis', 'Opus', '#NaziDom', 'Priscilla', 'David Elliott', 'Jeff Beck', 'Molly', 'Biden', 'Rashid', 'Mel Brooks', '#NSWvotes2023', 'Steve Price', 'Dan Andrews', 'young liberals', 'Anne Frank', 'Scorchers', 'Taeyang', 'Gladys', 'clubs nsw', 'matt kean', 'Taliban', 'At 21', 'jongin', 'Lindsay Fox', 'Mariners', 'Westbrook', 'bronwyn bishop', 'Exxon', 'Hogan', 'Velma', 'Cricket Australia', 'chris minns', 'Rina', 'Joao Felix', 'WARRIOR NUN NEW HOME']",2023-01-13,1613956028994813959
35,Dawesfgmailcom6,,Ballarat,Australia,,2022-02-27,67807,48,410,8.541666666666666,False,He might of given you permission I said but I never ever did,0,0,13,False,,0,"['Nazis', 'Perrottet', 'Lisa Marie Presley', 'Pell', 'Friday the 13th', '#NSWpol', '#macvccm', 'Premier', 'Afghanistan', 'Holocaust', '#FULCHE', 'M&Ms', 'Catholic', 'Chan', 'Elvis', 'Opus', '#NaziDom', 'Priscilla', 'david elliott', 'Jeff Beck', 'Molly', 'Biden', 'Rashid', 'Mel Brooks', '#NSWvotes2023', 'Steve Price', 'Dan Andrews', 'young liberals', 'Anne Frank', 'Scorchers', 'Taeyang', 'Gladys', 'clubs nsw', 'matt kean', 'Taliban', 'At 21', 'Lindsay Fox', 'Mariners', 'Westbrook', 'bronwyn bishop', 'Exxon', 'Hogan', 'Velma', 'Cricket Australia', 'chris minns', 'Rina', 'Joao Felix', 'WARRIOR NUN NEW HOME', 'My 21st', 'ICAC']",2023-01-13,1613955761855696896
36,Dawesfgmailcom6,,Ballarat,Australia,,2022-02-27,67807,48,410,8.541666666666666,False,I dont care I dint like th ou lit using it i said I know who you are switch it off now,0,0,22,False,,0,"['Nazis', 'Perrottet', 'Lisa Marie Presley', 'Pell', 'Friday the 13th', '#NSWpol', '#macvccm', 'Premier', 'Afghanistan', 'Holocaust', '#FULCHE', 'M&Ms', 'Catholic', 'Chan', 'Elvis', 'Opus', '#NaziDom', 'Priscilla', 'david elliott', 'Jeff Beck', 'Molly', 'Biden', 'Rashid', 'Mel Brooks', '#NSWvotes2023', 'Steve Price', 'Dan Andrews', 'young liberals', 'Anne Frank', 'Scorchers', 'Taeyang', 'Gladys', 'clubs nsw', 'matt kean', 'Taliban', 'At 21', 'Lindsay Fox', 'Mariners', 'Westbrook', 'bronwyn bishop', 'Exxon', 'Hogan', 'Velma', 'Cricket Australia', 'chris minns', 'Rina', 'Joao Felix', 'WARRIOR NUN NEW HOME', 'My 21st', 'ICAC']",2023-01-13,1613954915700989955
37,PrinceDuggan,,New South Wales,Australia,,2016-03-05,4771,1062,3134,2.951035781544256,False,"Hi all, here is our son Daniel George Duggan having sweet dreams with Sierra our beautiful cat with her arm &amp; paw just on Daniels arm...must be loveüòç @RoyalFamily @ClarenceHouse @JacquiLambie @Dom_Perrottet @AnnastaciaMP @NewsCop_media https://t.co/kUWG9qAkvP",0,0,35,False,,0,"['Nazis', 'Perrottet', 'Lisa Marie Presley', 'Pell', 'Friday the 13th', '#NSWpol', '#macvccm', 'Premier', 'Afghanistan', 'Holocaust', '#FULCHE', 'M&Ms', 'Catholic', 'Chan', 'Elvis', 'Opus', '#NaziDom', 'Priscilla', 'david elliott', 'Jeff Beck', 'Molly', 'Biden', 'Rashid', 'Mel Brooks', '#NSWvotes2023', 'Steve Price', 'Dan Andrews', 'young liberals', 'Anne Frank', 'Scorchers', 'Taeyang', 'Gladys', 'clubs nsw', 'matt kean', 'Taliban', 'At 21', 'Lindsay Fox', 'Mariners', 'Westbrook', 'bronwyn bishop', 'Exxon', 'Hogan', 'Velma', 'Cricket Australia', 'chris minns', 'Rina', 'Joao Felix', 'WARRIOR NUN NEW HOME', 'My 21st', 'ICAC']",2023-01-13,1613954810486870017
38,Dawesfgmailcom6,,Ballarat,Australia,,2022-02-27,67807,48,410,8.541666666666666,False,There is a voice deactivator though you use me for your band and stop it fark heads or i su,0,0,20,False,,0,"['Nazis', 'Perrottet', 'Lisa Marie Presley', 'Pell', 'Friday the 13th', '#NSWpol', '#macvccm', 'Premier', 'Afghanistan', 'Holocaust', '#FULCHE', 'M&Ms', 'Catholic', 'Chan', 'Elvis', 'Opus', '#NaziDom', 'Priscilla', 'david elliott', 'Jeff Beck', 'Molly', 'Biden', 'Rashid', 'Mel Brooks', '#NSWvotes2023', 'Steve Price', 'Dan Andrews', 'young liberals', 'Anne Frank', 'Scorchers', 'Taeyang', 'Gladys', 'clubs nsw', 'matt kean', 'Taliban', 'At 21', 'Lindsay Fox', 'Mariners', 'Westbrook', 'bronwyn bishop', 'Exxon', 'Hogan', 'Velma', 'Cricket Australia', 'chris minns', 'Rina', 'Joao Felix', 'WARRIOR NUN NEW HOME', 'My 21st', 'ICAC']",2023-01-13,1613954601853804547
39,Dawesfgmailcom6,,Ballarat,Australia,,2022-02-27,67807,48,410,8.541666666666666,False,Is me krista yes I guess I'm wanting the end of the world soon,0,0,14,False,,0,"['Nazis', 'Perrottet', 'Lisa Marie Presley', 'Pell', 'Friday the 13th', '#NSWpol', '#macvccm', 'Premier', 'Afghanistan', 'Holocaust', '#FULCHE', 'M&Ms', 'Catholic', 'Chan', 'Elvis', 'Opus', '#NaziDom', 'Priscilla', 'david elliott', 'Jeff Beck', 'Molly', 'Biden', 'Rashid', 'Mel Brooks', '#NSWvotes2023', 'Steve Price', 'Dan Andrews', 'young liberals', 'Anne Frank', 'Scorchers', 'Taeyang', 'Gladys', 'clubs nsw', 'matt kean', 'Taliban', 'At 21', 'Lindsay Fox', 'Mariners', 'Westbrook', 'bronwyn bishop', 'Exxon', 'Hogan', 'Velma', 'Cricket Australia', 'chris minns', 'Rina', 'Joao Felix', 'WARRIOR NUN NEW HOME', 'My 21st', 'ICAC']",2023-01-13,1613953994254344192
40,DaisyG40,,Auckland,New Zealand,,2018-09-29,32875,670,361,0.5388059701492537,False,"Good morning sa lahat üíõ

#GinoRoque
#KiaraTakahashi
#KiaNo 

https://t.co/NfWJ5IDB9Y",0,0,6,False,"['GinoRoque', 'KiaraTakahashi', 'KiaNo']",3,"['Friday the 13th', 'Lisa Marie Presley', 'Luka', '#sdws', 'Felix', 'Waitangi Day', 'M&Ms', 'Biden', 'Elvis', 'WotC', '#iHeartAwards', 'Lakers', 'Potter', 'Russ', 'RUSHTON ROULETTE', '#FREEreadKU', 'Jeff', 'Jane', 'Velma', 'Taylor', 'Star Wars', 'Maori', '#tuataranation', 'Induction', 'Clint', 'AirNZ', '#OpenDnD', 'Switzerland', 'Heaven', 'Chelsea', 'Wendy', 'nzta', 'Simeon', 'Hawaii', 'George Santos', 'Golden Globes', 'Davos', 'Amazon', 'Sarah', 'I 100%', 'Dems', 'Steven Adams', 'Hunter', 'Matty', 'Afghanistan', 'Reckon', 'Zelensky', 'Define', 'Supreme Court']",2023-01-13,1613957650932465665
41,BrendonCorlett1,,Masterton District,New Zealand,,2014-06-26,16205,282,603,2.1382978723404253,False,2-1 series victory for the @BLACKCAPS over @TheRealPCB considering we were 0-1 down... Perfect start to the 2023 cricketing year also 1st series win in Pakistan in 46 years... üá≥üáøüèèüëè,0,0,30,False,,0,"['Friday the 13th', 'Lisa Marie Presley', 'Luka', '#sdws', 'Felix', 'Waitangi Day', 'M&Ms', 'Biden', 'Elvis', 'WotC', '#iHeartAwards', 'Lakers', 'Potter', 'Russ', 'RUSHTON ROULETTE', '#FREEreadKU', 'Jeff', 'Jane', 'Velma', 'Taylor', 'Star Wars', 'Maori', '#tuataranation', 'Induction', 'Clint', 'AirNZ', '#OpenDnD', 'Switzerland', 'Heaven', 'Chelsea', 'Wendy', 'nzta', 'Simeon', 'Hawaii', 'George Santos', 'Golden Globes', 'Davos', 'Amazon', 'Sarah', 'I 100%', 'Dems', 'Steven Adams', 'Hunter', 'Matty', 'Afghanistan', 'Reckon', 'Zelensky', 'Define', 'Supreme Court', 'Scott']",2023-01-13,1613953884325826560
42,flavabava07,,Hamilton City,New Zealand,,2020-08-04,7197,29,62,2.1379310344827585,False,Glenn Phillips is the future,1,0,5,False,,0,"['Friday the 13th', 'Lisa Marie Presley', 'Luka', '#sdws', 'Felix', 'Waitangi Day', 'M&Ms', 'Biden', 'Elvis', 'WotC', '#iHeartAwards', 'Lakers', 'Potter', 'Russ', 'RUSHTON ROULETTE', '#FREEreadKU', 'Jeff', 'Jane', 'Velma', 'Taylor', 'Star Wars', 'Maori', '#tuataranation', 'Induction', 'Clint', 'AirNZ', '#OpenDnD', 'Switzerland', 'Heaven', 'Chelsea', 'Wendy', 'nzta', 'Simeon', 'Hawaii', 'George Santos', 'Golden Globes', 'Davos', 'Amazon', 'Sarah', 'I 100%', 'Dems', 'Steven Adams', 'Hunter', 'Matty', 'Afghanistan', 'Reckon', 'Zelensky', 'Define', 'Supreme Court', 'Scott']",2023-01-13,1613953591504678912
43,nzvh,,Auckland,New Zealand,,2008-08-16,12664,2218,3192,1.4391343552750226,False,2 good! @robeanne https://t.co/mxfjQNEACr,0,0,4,True,,0,"['Friday the 13th', 'Lisa Marie Presley', 'Luka', '#sdws', 'Felix', 'Waitangi Day', 'M&Ms', 'Biden', 'Elvis', 'WotC', '#iHeartAwards', 'Lakers', 'Potter', 'Russ', 'RUSHTON ROULETTE', '#FREEreadKU', 'Jeff', 'Jane', 'Velma', 'Taylor', 'Star Wars', 'Maori', '#tuataranation', 'Induction', 'Clint', 'AirNZ', '#OpenDnD', 'Switzerland', 'Heaven', 'Chelsea', 'Wendy', 'nzta', 'Simeon', 'Hawaii', 'George Santos', 'Golden Globes', 'Davos', 'Amazon', 'Sarah', 'I 100%', 'Dems', 'Steven Adams', 'Hunter', 'Matty', 'Afghanistan', 'Reckon', 'Zelensky', 'Define', 'Supreme Court']",2023-01-13,1613949648124915719
44,Edconcert,,Auckland,New Zealand,,2012-03-09,4774,311,821,2.639871382636656,False,"Our ship has come in! üòÉ
(Literally, just literally. Definitely not figuratively üòï) https://t.co/awXiyBskd2",1,0,13,False,,0,"['Friday the 13th', 'Lisa Marie Presley', 'Luka', '#sdws', 'Felix', 'Waitangi Day', 'M&Ms', 'Biden', 'Elvis', 'WotC', '#iHeartAwards', 'Lakers', 'Potter', 'Russ', 'RUSHTON ROULETTE', '#FREEreadKU', 'Jeff', 'Jane', 'Velma', 'Taylor', 'Star Wars', 'Maori', '#tuataranation', 'Induction', 'Clint', 'AirNZ', '#OpenDnD', 'Switzerland', 'Heaven', 'Chelsea', 'Wendy', 'nzta', 'Simeon', 'Hawaii', 'George Santos', 'Golden Globes', 'Davos', 'Amazon', 'Sarah', 'I 100%', 'Dems', 'Steven Adams', 'Hunter', 'Matty', 'Afghanistan', 'Reckon', 'Zelensky', 'Define', 'Supreme Court']",2023-01-13,1613947337302487040
45,nz_wines,,Auckland,New Zealand,,2009-07-27,6075,1098,0,0.0,False,„Éí„É´„Éà„É≥„Çà„Çä„Åã„Å™„ÇäÂ§ß„Åç„Å™„ÇØ„É´„Éº„Ç∫Ëàπ„ÅÆÂÖ•Ê∏Ø„ÄÇ https://t.co/YgHrmDlD28,0,0,2,False,,0,"['Friday the 13th', 'Lisa Marie Presley', 'Luka', '#sdws', 'Felix', 'Waitangi Day', 'M&Ms', 'Biden', 'Elvis', 'WotC', '#iHeartAwards', 'Lakers', 'Potter', 'Russ', 'RUSHTON ROULETTE', '#FREEreadKU', 'Jeff', 'Jane', 'Velma', 'Taylor', 'Star Wars', 'Maori', '#tuataranation', 'Induction', 'Clint', 'AirNZ', '#OpenDnD', 'Switzerland', 'Heaven', 'Chelsea', 'Wendy', 'nzta', 'Simeon', 'Hawaii', 'George Santos', 'Golden Globes', 'Davos', 'Amazon', 'Sarah', 'I 100%', 'Dems', 'Steven Adams', 'Hunter', 'Matty', 'Afghanistan', 'Reckon', 'Zelensky', 'Define', 'Supreme Court']",2023-01-13,1613945715679694853
46,everylotakl,,Auckland,New Zealand,,2020-01-16,37224,803,55,0.0684931506849315,False,"8 Amadeus Place, Northpark

Estimated value $1,500,000
Last sold in 2003 for $435,000 https://t.co/0bRXHAH7C5",0,0,12,False,,0,"['Friday the 13th', 'Lisa Marie Presley', 'Luka', '#sdws', 'Felix', 'Waitangi Day', 'M&Ms', 'Biden', 'Elvis', 'WotC', '#iHeartAwards', 'Lakers', 'Potter', 'Russ', 'RUSHTON ROULETTE', '#FREEreadKU', 'Jeff', 'Jane', 'Velma', 'Taylor', 'Star Wars', 'Maori', '#tuataranation', 'Induction', 'Clint', 'AirNZ', '#OpenDnD', 'Switzerland', 'Heaven', 'Chelsea', 'Wendy', 'nzta', 'Simeon', 'Hawaii', 'George Santos', 'Golden Globes', 'Davos', 'Amazon', 'Sarah', 'I 100%', 'Dems', 'Steven Adams', 'Hunter', 'Matty', 'Afghanistan', 'Reckon', 'Zelensky', 'Define', 'Supreme Court']",2023-01-13,1613944021059252229
47,everylotchc,,Christchurch City,New Zealand,,2020-01-17,32595,560,59,0.10535714285714286,False,"29 Waiau Street, Cracroft

Estimated value $740,000
Last sold in 2017 for $510,000 https://t.co/th0R4SOYAR",0,0,12,False,,0,"['Friday the 13th', 'Lisa Marie Presley', 'Luka', '#sdws', 'Felix', 'Waitangi Day', 'M&Ms', 'Biden', 'Elvis', 'WotC', '#iHeartAwards', 'Lakers', 'Potter', 'Russ', 'RUSHTON ROULETTE', '#FREEreadKU', 'Jeff', 'Jane', 'Velma', 'Taylor', 'Star Wars', 'Maori', '#tuataranation', 'Induction', 'Clint', 'AirNZ', '#OpenDnD', 'Switzerland', 'Heaven', 'Chelsea', 'Wendy', 'nzta', 'Simeon', 'Hawaii', 'George Santos', 'Golden Globes', 'Davos', 'Amazon', 'Sarah', 'I 100%', 'Dems', 'Steven Adams', 'Hunter', 'Matty', 'Afghanistan', 'Reckon', 'Zelensky', 'Define', 'Supreme Court', 'Scott']",2023-01-13,1613944017980653572
48,everylotwlg,,Lower Hutt City,New Zealand,,2020-01-17,32727,1102,112,0.10163339382940109,False,"21 Pukatea Street, Eastbourne

Estimated value $1,110,000
Last sold in 2001 for $410,000 https://t.co/LlfaeFO3UU",0,0,12,False,,0,"['Friday the 13th', 'Lisa Marie Presley', 'Luka', '#sdws', 'Felix', 'Waitangi Day', 'M&Ms', 'Biden', 'Elvis', 'WotC', '#iHeartAwards', 'Lakers', 'Potter', 'Russ', 'RUSHTON ROULETTE', '#FREEreadKU', 'Jeff', 'Jane', 'Velma', 'Taylor', 'Star Wars', 'Maori', '#tuataranation', 'Induction', 'Clint', 'AirNZ', '#OpenDnD', 'Switzerland', 'Heaven', 'Chelsea', 'Wendy', 'nzta', 'Simeon', 'Hawaii', 'George Santos', 'Golden Globes', 'Davos', 'Amazon', 'Sarah', 'I 100%', 'Dems', 'Steven Adams', 'Hunter', 'Matty', 'Afghanistan', 'Reckon', 'Zelensky', 'Define', 'Supreme Court', 'Scott']",2023-01-13,1613944017213067264
49,paul_brabin,,Auckland,New Zealand,,2011-04-03,6171,64646,1163,0.017990285555177427,False,"Words to live by #inspiration @ Auckland, New Zealand https://t.co/YZ02YCKokR",0,0,10,False,['inspiration'],1,"['Friday the 13th', 'Lisa Marie Presley', 'Luka', '#sdws', 'Felix', 'Waitangi Day', 'M&Ms', 'Biden', 'Elvis', 'WotC', '#iHeartAwards', 'Lakers', 'Potter', 'Russ', 'RUSHTON ROULETTE', '#FREEreadKU', 'Jeff', 'Jane', 'Velma', 'Taylor', 'Star Wars', 'Maori', '#tuataranation', 'Induction', 'Clint', 'AirNZ', '#OpenDnD', 'Switzerland', 'Heaven', 'Chelsea', 'Wendy', 'nzta', 'Simeon', 'Hawaii', 'George Santos', 'Golden Globes', 'Davos', 'Amazon', 'Sarah', 'I 100%', 'Dems', 'Steven Adams', 'Hunter', 'Matty', 'Afghanistan', 'Reckon', 'Zelensky', 'Define', 'Supreme Court']",2023-01-13,1613942150617567232
